brand_id,name,created_at,updated_at,,
1,LapKa Premium,2023-01-05T09:00:00,2023-01-05T09:00:00,,
2,Psi Smakosz,2023-01-05T09:05:00,2023-01-05T09:05:00,,
3,Koci Raj,2023-01-05T09:10:00,2023-01-05T09:10:00,,
4,ZwierzDom,2023-01-05T09:15:00,2023-01-05T09:15:00,,
5,Pupil Care,2023-01-05T09:20:00,2023-01-05T09:20:00,,
6,Futrzak,2023-01-05T09:25:00,2023-01-05T09:25:00,,
7,Cztery Lapy,2023-01-05T09:30:00,2023-01-05T09:30:00,,
8,Mruczek,2023-01-05T09:35:00,2023-01-05T09:35:00,,
9,Piesek i Przyjaciele,2023-01-05T09:40:00,2023-01-05T09:40:00,,
10,Azyl Natura,2023-01-05T09:45:00,2023-01-05T09:45:00,,
11,ZdrowyPies,2023-01-05T09:50:00,2023-01-05T09:50:00,,
12,KotLux,2023-01-05T09:55:00,2023-01-05T09:55:00,,
13,PetVital,2023-01-05T10:00:00,2023-01-05T10:00:00,,
14,Zookraj,2023-01-05T10:05:00,2023-01-05T10:05:00,,
15,Pupilove,2023-01-05T10:10:00,2023-01-05T10:10:00,,
